EPL2324,ARS
EPL2324,CHE
EPL2324,LIV
EPL2324,MCI
EPL2324,MUN
EPL2324,TOT
EPL2324,AST
EPL2324,NEW
EPL2324,WES
EPL2324,CRY
EPL2324,BHA
EPL2324,BOU
EPL2324,WOL
EPL2324,EVE
EPL2324,FUL
EPL2324,BRE
EPL2324,NOT
EPL2324,LUT
EPL2324,BUR
EPL2324,SHE
EPL2223,ARS
EPL2223,CHE
EPL2223,LIV
EPL2223,MCI
EPL2223,MUN
EPL2223,TOT
EPL2223,AST
EPL2223,NEW
EPL2223,WES
EPL2223,CRY
EPL2223,BHA
EPL2223,BOU
EPL2223,WOL
EPL2223,EVE
EPL2223,FUL
EPL2223,BRE
EPL2223,NOT
EPL2223,LUT
EPL2223,BUR
EPL2223,SHE
EPL2122,ARS
EPL2122,CHE
EPL2122,LIV
EPL2122,MCI
EPL2122,MUN
EPL2122,TOT
EPL2122,AST
EPL2122,NEW
EPL2122,WES
EPL2122,CRY
EPL2122,BHA
EPL2122,BOU
EPL2122,WOL
EPL2122,EVE
EPL2122,FUL
EPL2122,BRE
EPL2122,NOT
EPL2122,LUT
EPL2122,BUR
EPL2122,SHE
EPL2021,ARS
EPL2021,CHE
EPL2021,LIV
EPL2021,MCI
EPL2021,MUN
EPL2021,TOT
EPL2021,AST
EPL2021,NEW
EPL2021,WES
EPL2021,CRY
EPL2021,BHA
EPL2021,BOU
EPL2021,WOL
EPL2021,EVE
EPL2021,FUL
EPL2021,BRE
EPL2021,NOT
EPL2021,LUT
EPL2021,BUR
EPL2021,SHE
LALIGA2324,RMA
LALIGA2324,BAR
LALIGA2324,ATM
LALIGA2324,GIR
LALIGA2324,ATH
LALIGA2324,SOC
LALIGA2324,BET
LALIGA2324,VIL
LALIGA2324,VAL
LALIGA2324,ALA
LALIGA2324,OSA
LALIGA2324,GET
LALIGA2324,SEV
LALIGA2324,CEL
LALIGA2324,MAL
LALIGA2324,CDI
LALIGA2324,GRA
LALIGA2324,LAS
LALIGA2324,RVA
LALIGA2223,RMA
LALIGA2223,BAR
LALIGA2223,ATM
LALIGA2223,GIR
LALIGA2223,ATH
LALIGA2223,SOC
LALIGA2223,BET
LALIGA2223,VIL
LALIGA2223,VAL
LALIGA2223,ALA
LALIGA2223,OSA
LALIGA2223,GET
LALIGA2223,SEV
LALIGA2223,CEL
LALIGA2223,MAL
LALIGA2223,CDI
LALIGA2223,GRA
LALIGA2223,LAS
LALIGA2223,RVA
LALIGA2122,RMA
LALIGA2122,BAR
LALIGA2122,ATM
LALIGA2122,GIR
LALIGA2122,ATH
LALIGA2122,SOC
LALIGA2122,BET
LALIGA2122,VIL
LALIGA2122,VAL
LALIGA2122,ALA
LALIGA2122,OSA
LALIGA2122,GET
LALIGA2122,SEV
LALIGA2122,CEL
LALIGA2122,MAL
LALIGA2122,CDI
LALIGA2122,GRA
LALIGA2122,LAS
LALIGA2122,RVA
LALIGA2021,RMA
LALIGA2021,BAR
LALIGA2021,ATM
LALIGA2021,GIR
LALIGA2021,ATH
LALIGA2021,SOC
LALIGA2021,BET
LALIGA2021,VIL
LALIGA2021,VAL
LALIGA2021,ALA
LALIGA2021,OSA
LALIGA2021,GET
LALIGA2021,SEV
LALIGA2021,CEL
LALIGA2021,MAL
LALIGA2021,CDI
LALIGA2021,GRA
LALIGA2021,LAS
LALIGA2021,RVA
SERIA2324,INT
SERIA2324,ACM
SERIA2324,JUV
SERIA2324,ATA
SERIA2324,ROM
SERIA2324,LZI
SERIA2324,NAP
SERIA2324,BOL
SERIA2324,FIO
SERIA2324,TOR
SERIA2324,GEN
SERIA2324,MON
SERIA2324,VER
SERIA2324,LEC
SERIA2324,CAG
SERIA2324,FRO
SERIA2324,UDI
SERIA2324,EMP
SERIA2324,SAS
SERIA2324,SAL
SERIA2223,INT
SERIA2223,ACM
SERIA2223,JUV
SERIA2223,ATA
SERIA2223,ROM
SERIA2223,LZI
SERIA2223,NAP
SERIA2223,BOL
SERIA2223,FIO
SERIA2223,TOR
SERIA2223,GEN
SERIA2223,MON
SERIA2223,VER
SERIA2223,LEC
SERIA2223,CAG
SERIA2223,FRO
SERIA2223,UDI
SERIA2223,EMP
SERIA2223,SAS
SERIA2223,SAL
SERIA2122,INT
SERIA2122,ACM
SERIA2122,JUV
SERIA2122,ATA
SERIA2122,ROM
SERIA2122,LZI
SERIA2122,NAP
SERIA2122,BOL
SERIA2122,FIO
SERIA2122,TOR
SERIA2122,GEN
SERIA2122,MON
SERIA2122,VER
SERIA2122,LEC
SERIA2122,CAG
SERIA2122,FRO
SERIA2122,UDI
SERIA2122,EMP
SERIA2122,SAS
SERIA2122,SAL
SERIA2021,INT
SERIA2021,ACM
SERIA2021,JUV
SERIA2021,ATA
SERIA2021,ROM
SERIA2021,LZI
SERIA2021,NAP
SERIA2021,BOL
SERIA2021,FIO
SERIA2021,TOR
SERIA2021,GEN
SERIA2021,MON
SERIA2021,VER
SERIA2021,LEC
SERIA2021,CAG
SERIA2021,FRO
SERIA2021,UDI
SERIA2021,EMP
SERIA2021,SAS
SERIA2021,SAL
BUNDES2324,BAY
BUNDES2324,DOR
BUNDES2324,LEV
BUNDES2324,LPZ
BUNDES2324,FRK
BUNDES2324,STU
BUNDES2324,HOF
BUNDES2324,HEI
BUNDES2324,BRM
BUNDES2324,FRE
BUNDES2324,AUG
BUNDES2324,WSB
BUNDES2324,MAI
BUNDES2324,GLA
BUNDES2324,UNI
BUNDES2324,BOC
BUNDES2324,KOL
BUNDES2324,DAM
BUNDES2223,BAY
BUNDES2223,DOR
BUNDES2223,LEV
BUNDES2223,LPZ
BUNDES2223,FRK
BUNDES2223,STU
BUNDES2223,HOF
BUNDES2223,HEI
BUNDES2223,BRM
BUNDES2223,FRE
BUNDES2223,AUG
BUNDES2223,WSB
BUNDES2223,MAI
BUNDES2223,GLA
BUNDES2223,UNI
BUNDES2223,BOC
BUNDES2223,KOL
BUNDES2223,DAM
BUNDES2122,BAY
BUNDES2122,DOR
BUNDES2122,LEV
BUNDES2122,LPZ
BUNDES2122,FRK
BUNDES2122,STU
BUNDES2122,HOF
BUNDES2122,HEI
BUNDES2122,BRM
BUNDES2122,FRE
BUNDES2122,AUG
BUNDES2122,WSB
BUNDES2122,MAI
BUNDES2122,GLA
BUNDES2122,UNI
BUNDES2122,BOC
BUNDES2122,KOL
BUNDES2122,DAM
BUNDES2021,BAY
BUNDES2021,DOR
BUNDES2021,LEV
BUNDES2021,LPZ
BUNDES2021,FRK
BUNDES2021,STU
BUNDES2021,HOF
BUNDES2021,HEI
BUNDES2021,BRM
BUNDES2021,FRE
BUNDES2021,AUG
BUNDES2021,WSB
BUNDES2021,MAI
BUNDES2021,GLA
BUNDES2021,UNI
BUNDES2021,BOC
BUNDES2021,KOL
BUNDES2021,DAM
LIGUE12324,PSG
LIGUE12324,OLY
LIGUE12324,OLM
LIGUE12324,ASM
LIGUE12324,LOS
LIGUE12324,SRF
LIGUE12324,LOR
LIGUE12324,TOL
LIGUE12324,FCN
LIGUE12324,MSC
LIGUE12324,OCN
LIGUE12324,RCL
LIGUE12324,LHA
LIGUE12324,SDR
LIGUE12324,FCM
LIGUE12324,RCA
LIGUE12324,SBR
LIGUE12324,CFA
LIGUE12223,PSG
LIGUE12223,OLY
LIGUE12223,OLM
LIGUE12223,ASM
LIGUE12223,LOS
LIGUE12223,SRF
LIGUE12223,LOR
LIGUE12223,TOL
LIGUE12223,FCN
LIGUE12223,MSC
LIGUE12223,OCN
LIGUE12223,RCL
LIGUE12223,LHA
LIGUE12223,SDR
LIGUE12223,FCM
LIGUE12223,RCA
LIGUE12223,SBR
LIGUE12223,CFA
LIGUE12122,PSG
LIGUE12122,OLY
LIGUE12122,OLM
LIGUE12122,ASM
LIGUE12122,LOS
LIGUE12122,SRF
LIGUE12122,LOR
LIGUE12122,TOL
LIGUE12122,FCN
LIGUE12122,MSC
LIGUE12122,OCN
LIGUE12122,RCL
LIGUE12122,LHA
LIGUE12122,SDR
LIGUE12122,FCM
LIGUE12122,RCA
LIGUE12122,SBR
LIGUE12122,CFA
LIGUE12021,PSG
LIGUE12021,OLY
LIGUE12021,OLM
LIGUE12021,ASM
LIGUE12021,LOS
LIGUE12021,SRF
LIGUE12021,LOR
LIGUE12021,TOL
LIGUE12021,FCN
LIGUE12021,MSC
LIGUE12021,OCN
LIGUE12021,RCL
LIGUE12021,LHA
LIGUE12021,SDR
LIGUE12021,FCM
LIGUE12021,RCA
LIGUE12021,SBR
LIGUE12021,CFA
